"","pol","place","time1","time2","Polity.Population","Polity.territory","Population.of.the.largest.settlement","scale.of.supracultural.interaction","PC$scores[, 1]","PC$scores[, 2]","PC$scores[, 3]","PC$scores[, 4]","PC$scores[, 5]"
"1","Basin of Mexico -100 99","Basin of Mexico",-100,99,14965144.9772727,1720265.20347003,40000,40000,-3.05548214382733,2.64574989504274,0.454278266620784,0.836294502231941,0.953151348712633
"2","Basin of Mexico -1200 -801","Basin of Mexico",-1200,-801,14965144.9772727,1720265.20347003,2500,40000,-5.32748433242609,2.03052623205915,0.646405476826527,1.02570121262032,1.48347420463524
"3","Basin of Mexico -2000 -1201","Basin of Mexico",-2000,-1201,14965144.9772727,1720265.20347003,8000,6576506.57777778,-2.66937953896283,1.50457944177377,1.05588286040051,-1.35781006781647,1.24731022294508
"4","Basin of Mexico -400 -101","Basin of Mexico",-400,-101,14965144.9772727,1720265.20347003,20000,40000,-3.10957091460569,2.6422962438754,0.454728194475274,0.819107489064195,1.0050877768797
"5","Basin of Mexico -6000 -2001","Basin of Mexico",-6000,-2001,14965144.9772727,1720265.20347003,170408.662280702,6576506.57777778,-2.78642366717573,1.52391151682704,1.11307556790465,-1.37311692384872,1.35763169546621
"6","Basin of Mexico -800 -401","Basin of Mexico",-800,-401,14965144.9772727,1720265.20347003,4000,40000,-5.28193339230192,2.00393783361546,0.612386994733949,1.05474626426366,1.44838283021587
"7","Basin of Mexico 100 649","Basin of Mexico",100,649,14965144.9772727,1720265.20347003,112500,6576506.57777778,-0.984307419853355,0.691199767679066,0.451709253911504,-0.987715863639547,0.458045219845763
"8","Basin of Mexico 1200 1426","Basin of Mexico",1200,1426,750000,1720265.20347003,25000,6576506.57777778,-1.18901117882164,0.84098353816821,0.656908130030916,-0.926683176507083,0.539463606675996
"9","Basin of Mexico 1427 1519","Basin of Mexico",1427,1519,3500000,28070,225000,6576506.57777778,1.26433078706547,1.50643269592729,0.867710908214085,-0.259503275618302,1.23448221401142
"10","Basin of Mexico 650 899","Basin of Mexico",650,899,14965144.9772727,1720265.20347003,27500,6576506.57777778,-2.33007564944445,-1.25015131316333,0.26000559945896,-1.1033351417331,-0.965608485884551
"11","Basin of Mexico 900 1199","Basin of Mexico",900,1199,175000,22500,45000,6576506.57777778,-2.11423467249543,-1.0741018808349,0.324929163819183,-1.29780855444191,-0.786044198312268
"12","Big Island Hawaii 1000 1199","Big Island Hawaii",1000,1199,14965144.9772727,2350,170408.662280702,6576506.57777778,-4.3025532762609,3.07099196039556,0.0365672277842577,0.0893895025796765,0.831234465919544
"13","Big Island Hawaii 1200 1649","Big Island Hawaii",1200,1649,26750,2250,170408.662280702,6576506.57777778,-4.22710793970317,3.10887800640353,0.0338484866484522,0.0321372779181314,0.86959643550264
"14","Big Island Hawaii 1650 1777","Big Island Hawaii",1650,1777,118750,9500,170408.662280702,6576506.57777778,-3.45786002307476,-0.641066641610828,1.96764182152316,-2.83428920923414,1.95385262400136
"15","Big Island Hawaii 1778 1819","Big Island Hawaii",1778,1819,120000,15800,170408.662280702,6576506.57777778,-2.54437285818495,-0.830104090007968,1.37397700427936,-2.51041517449236,2.14889466701907
"16","Cahokia -150 299","Cahokia",-150,299,14965144.9772727,1720265.20347003,40,6576506.57777778,-6.33351409097734,3.40620414487195,0.15771704494972,-0.722843338767495,1.3727635454806
"17","Cahokia -600 -151","Cahokia",-600,-151,14965144.9772727,1720265.20347003,40,6576506.57777778,-6.70050057040133,3.66655085129663,0.986934838939151,-0.943299406930059,0.913477517449719
"18","Cahokia 1050 1199","Cahokia",1050,1199,45000,2500,12500,6576506.57777778,-4.45783969186944,0.733743746075267,0.856739652547492,-2.41881387677638,0.342540857356387
"19","Cahokia 1200 1274","Cahokia",1200,1274,45000,2500,12500,137500,-4.45210704023666,0.920656075430553,1.62299905440397,-2.35212647930094,-0.1863858768539
"20","Cahokia 1275 1399","Cahokia",1275,1399,13500,750,6000,6576506.57777778,-5.24880602801146,0.850602975773042,1.5594923404367,-2.31158490980933,-0.224158841089307
"21","Cahokia 1400 1639","Cahokia",1400,1639,14965144.9772727,6000,200,6576506.57777778,-7.31581408360382,0.0308949011816265,0.420799920255382,0.0936801965079706,0.239058291289554
"22","Cahokia 1640 1717","Cahokia",1640,1717,6300,16500,2500,6576506.57777778,-6.43470018459774,-0.11781506210991,-0.519232929898052,0.439481711213894,0.7028346154767
"23","Cahokia 300 449","Cahokia",300,449,14965144.9772727,1720265.20347003,40,6576506.57777778,-6.54333589664524,3.69955969727696,1.05186074589061,-0.868778055919728,0.814845113981734
"24","Cahokia 450 599","Cahokia",450,599,14965144.9772727,1720265.20347003,40,6576506.57777778,-6.54333589664524,3.69955969727696,1.05186074589061,-0.868778055919728,0.814845113981734
"25","Cahokia 600 749","Cahokia",600,749,14965144.9772727,1720265.20347003,40,6576506.57777778,-6.11670560929247,3.49459648215511,0.929237395139354,-0.55623490107726,0.768068061518996
"26","Cahokia 750 899","Cahokia",750,899,450,150,450,6576506.57777778,-5.97998765720188,3.17519587492774,1.50752635939988,-0.17913875007973,1.16780569071384
"27","Cahokia 900 1049","Cahokia",900,1049,450,150,450,6576506.57777778,-4.8612768640204,1.88124301618028,1.84051759014912,-1.16147885356105,1.33037654025
"28","Cambodian Basin -1200 -500","Cambodian Basin",-1200,-500,14965144.9772727,1720265.20347003,150,6576506.57777778,-1.20018110384971,0.17385029854382,-0.0987304766998711,-0.182671315554529,-0.0130482676058323
"29","Cambodian Basin -500 -224","Cambodian Basin",-500,-224,14965144.9772727,1720265.20347003,150,6576506.57777778,-0.731289049473454,0.0620212403914963,-0.140141669260074,-0.0565199927449707,-0.0365345531257502
"30","Cambodian Basin 1080 1219","Cambodian Basin",1080,1219,1500000,939245,875000,2175000,3.18067046653215,-0.448277956398636,1.08385613731208,-0.787954169234005,-0.944674175458158
"31","Cambodian Basin 1220 1431","Cambodian Basin",1220,1431,1500000,1e+06,875000,2175000,2.96534855366828,-0.0670559363482795,0.853678623754892,-1.30374756993196,-0.801196227878953
"32","Cambodian Basin 1432 1593","Cambodian Basin",1432,1593,875000,280000,170408.662280702,2175000,5.12804424603958,0.768734762203503,0.760227416674669,-1.48559100752783,-2.00154161918702
"33","Cambodian Basin 1594 1767","Cambodian Basin",1594,1767,14965144.9772727,1720265.20347003,155000,2175000,2.50567395881212,1.43326049398543,-1.76937705689355,-0.768310963957379,-1.05040289354032
"34","Cambodian Basin 1782 1873","Cambodian Basin",1782,1873,3e+06,513120,75000,2175000,2.28557096067203,0.14312408085527,-3.17979988756876,-1.79922086367668,0.083577910564525
"35","Cambodian Basin 225 539","Cambodian Basin",225,539,14965144.9772727,257034,2000,6576506.57777778,-1.8939111310483,-3.14358676951795,-0.875436553688118,-0.641073038355683,-0.948617249330992
"36","Cambodian Basin 540 639","Cambodian Basin",540,639,165000,264200,2000,6576506.57777778,-1.67905242086382,-2.99076619643894,-0.687032276004293,-0.774679627468838,-0.621601486720774
"37","Cambodian Basin 640 801","Cambodian Basin",640,801,14965144.9772727,531000,60000,2175000,0.0481006214561813,-0.717877733728641,0.337078361534321,-1.30832483435804,-2.00411362199395
"38","Cambodian Basin 802 1079","Cambodian Basin",802,1079,14965144.9772727,916847,3e+05,2175000,2.5520227321544,-0.0601022213731133,0.827911423328442,-1.30112935215965,-0.858623805838552
"39","Central Java -400 499","Central Java",-400,499,14965144.9772727,1720265.20347003,170408.662280702,6576506.57777778,-1.26677695854691,0.255563826625913,-0.079850843290575,-0.514244348432324,0.23844349870138
"40","Central Java 1049 1222","Central Java",1049,1222,275000,60000,170408.662280702,6576506.57777778,0.219690345300313,-0.461758520561888,-0.359343677406026,0.674813854676469,-0.906462559733575
"41","Central Java 1291 1518","Central Java",1291,1518,5e+06,5e+05,150000,6576506.57777778,-0.127126716972376,0.159669381013089,-0.771857060905461,1.24418207593069,-1.1244370326746
"42","Central Java 1568 1703","Central Java",1568,1703,3250000,1e+05,170408.662280702,6576506.57777778,-0.666161305049859,-0.225830049168846,-0.598825950736457,1.64730220910378,-0.367771160423165
"43","Central Java 500 731","Central Java",500,731,14965144.9772727,1720265.20347003,170408.662280702,6576506.57777778,-1.43507021774726,-0.671276113533594,0.880018395982647,1.17193735283117,-0.465123666871476
"44","Central Java 732 1019","Central Java",732,1019,3e+05,125000,1000,6576506.57777778,-1.05968223604874,-1.59756026826904,-0.107375239651449,1.43299591283569,-0.727751867050688
"45","Crete -1000 -711","Crete",-1000,-711,14965144.9772727,1720265.20347003,6000,6576506.57777778,-2.30110563293481,2.40078143691447,-0.2376064381017,1.60764907245478,-1.48694346486279
"46","Crete -1200 -1001","Crete",-1200,-1001,14965144.9772727,1720265.20347003,1000,6576506.57777778,-3.27397620322393,2.56407810415903,-0.770950337362108,1.19561371683104,-0.252504927910565
"47","Crete -1300 -1201","Crete",-1300,-1201,14965144.9772727,1720265.20347003,1000,6576506.57777778,-2.07489446980656,2.26832125751093,-0.948479693867027,0.985727897524023,-0.40039202171651
"48","Crete -1450 -1301","Crete",-1450,-1301,65000,5000,10000,6576506.57777778,-1.79392653271397,2.31522140593695,-0.922949238154674,1.22141983991982,-0.436564487552387
"49","Crete -1700 -1451","Crete",-1700,-1451,14965144.9772727,1720265.20347003,27500,6576506.57777778,-1.85834220230131,2.36015709867795,-0.784448533744836,0.892869117622323,-0.490346155262778
"50","Crete -1900 -1701","Crete",-1900,-1701,14965144.9772727,1720265.20347003,17100,6576506.57777778,-3.05693788797711,2.09849542123606,-1.0790141420743,0.55976872720221,-0.561126000452124
"51","Crete -3000 -1901","Crete",-3000,-1901,14965144.9772727,1720265.20347003,6850,6576506.57777778,-5.05621501196837,1.59468163073533,-0.127432647581507,1.45292295444685,0.764393092254071
"52","Crete -31 283","Crete",-31,283,6e+07,4500000,1050000,1.7e+07,6.77945134490131,1.63831454165043,1.54967679713377,0.38581211556068,0.960911440127831
"53","Crete -323 -69","Crete",-323,-69,17500,225,24000,6576506.57777778,-0.31369420871234,2.38437383670158,-2.32953395666902,0.908879974107591,-2.13094085149915
"54","Crete -500 -322","Crete",-500,-322,17500,225,4000,6576506.57777778,-0.60278003547692,2.6123753853183,-2.22136353360954,0.569055949578078,-2.08705633989466
"55","Crete -7000 -3001","Crete",-7000,-3001,14965144.9772727,1720265.20347003,267.5,6576506.57777778,-6.20082307534353,2.0811961153105,0.350834206627572,0.819572499820786,1.37567951844601
"56","Crete -710 -501","Crete",-710,-501,14965144.9772727,167,4000,6576506.57777778,-1.12330577494155,3.24465763728147,-1.13547477883396,0.367037031620235,-2.30106899666049
"57","Crete 1073 1203","Crete",1073,1203,5500000,575000,250000,22500000,7.08680365774442,2.44709407200084,-0.587276419279923,-1.28857278485685,-0.289833032180957
"58","Crete 284 394","Crete",284,394,5.5e+07,4250000,8e+05,1.7e+07,6.21556450052343,0.0372239108206078,-2.21138115187371,-0.648767420428063,1.75153445582742
"59","Crete 395 607","Crete",395,607,13750000,1600000,2e+05,13500000,7.15014828580514,2.3652598107824,-0.752566550266356,-1.27455389795916,-0.543892813831648
"60","Crete 632 823","Crete",632,823,6250000,1235000,215000,17500000,6.79657350815838,1.76259795058783,-0.819905421941008,-1.31351176351318,-0.959867820910098
"61","Crete 824 960","Crete",824,960,250000,8336,12000,17500000,0.757051526035603,-2.02017345812468,0.311739043348447,-1.22535391065617,-2.20708186871775
"62","Crete 961 1072","Crete",961,1072,10750000,520000,1e+05,17500000,7.02003485819344,2.05384151537627,-0.831361282915158,-1.26527272067543,-0.820352581068779
"63","Cuzco 1 199","Cuzco",1,199,14965144.9772727,1720265.20347003,170408.662280702,6576506.57777778,-3.18155427459221,3.01820364020813,0.0179422484309306,0.0987715680172947,0.600506478012459
"64","Cuzco 1000 1249","Cuzco",1000,1249,14965144.9772727,600,170408.662280702,6576506.57777778,-2.62703409504387,2.83168498782179,0.0863904916484662,0.279393138133156,0.264421632542503
"65","Cuzco 1250 1399","Cuzco",1250,1399,14965144.9772727,2550,170408.662280702,6576506.57777778,-3.25834078877971,1.60546050448422,0.0923066212777476,0.764048355170324,0.0958975507153786
"66","Cuzco 1400 1531","Cuzco",1400,1531,1e+07,1250000,60000,6576506.57777778,0.777624834066227,0.959158993523474,1.20602564384195,-2.81243824854872,1.30504959117577
"67","Cuzco 1532 1700","Cuzco",1532,1700,2.9e+07,7100000,224000,6576506.57777778,8.55008978522505,6.36001071437173,-2.09553711828037,-2.36605658654679,-0.47965890880219
"68","Cuzco 200 499","Cuzco",200,499,14965144.9772727,700,170408.662280702,6576506.57777778,-3.44689490701381,3.13135929086396,0.134337777531677,0.0339641794809117,0.843860972114907
"69","Cuzco 500 649","Cuzco",500,649,14965144.9772727,1000,170408.662280702,6576506.57777778,-3.21549001858573,3.04428741409626,0.0265251647730128,0.094204662761419,0.651782009744823
"70","Cuzco 650 999","Cuzco",650,999,3e+05,170000,50000,720000,-1.41332336123458,-0.886684164002777,1.26436958297312,-2.94899935755982,0.870230644622734
"71","Deccan -100 203","Deccan",-100,203,8250000,1400000,84000,6576506.57777778,1.2579488269067,-2.43467181330847,1.58271329418181,0.911329070537048,-0.598985604850479
"72","Deccan -1200 -301","Deccan",-1200,-301,12750,1720265.20347003,5250,6576506.57777778,-5.3356318854759,-1.49836704368991,-1.25151810985998,2.08120207172683,-1.85341310740452
"73","Deccan -205 -101","Deccan",-205,-101,14965144.9772727,1720265.20347003,170408.662280702,6576506.57777778,-1.47473649782179,1.17878883330546,-1.42943351842977,2.2467969584353,-1.22922759908988
"74","Deccan -2700 -1201","Deccan",-2700,-1201,14965144.9772727,1720265.20347003,170408.662280702,6576506.57777778,-3.60013649772861,2.7225780522844,-0.428115201664491,0.793222839626273,0.222362926638374
"75","Deccan -300 -206","Deccan",-300,-206,1.8e+07,4e+06,50000,1700000,3.9344273692533,-0.331826421415034,1.29593106622687,0.910852777910536,-0.24612686867849
"76","Deccan 1192 1253","Deccan",1192,1253,14965144.9772727,150000,170408.662280702,6576506.57777778,0.166378217020391,-2.91972813075797,-0.239652035118745,0.591747228610709,0.28609571784599
"77","Deccan 1280 1310","Deccan",1280,1310,14965144.9772727,20000,170408.662280702,6576506.57777778,-0.263269068928857,-2.79188172794824,0.189344360156173,0.0434629269675292,-0.708516859877738
"78","Deccan 1337 1646","Deccan",1337,1646,2.5e+07,360000,175000,6576506.57777778,1.1394419287225,-1.75278503090753,1.3728883079549,2.33080761487734,-0.747355123200018
"79","Deccan 1687 1720","Deccan",1687,1720,1.3e+08,3850000,4e+05,6576506.57777778,3.35084257644208,-1.69917309563868,2.05508430106408,2.15913232875475,0.392576385715432
"80","Deccan 1780 1840","Deccan",1780,1840,107500000,22700000,3700000,6576506.57777778,6.39242701293027,4.14511728734847,1.07779584105297,2.93499140105923,1.37371664269574
"81","Deccan 286 335","Deccan",286,335,6500000,950000,170408.662280702,6576506.57777778,1.93788276213047,-2.02542595667414,0.612502989228953,0.454364549542755,0.162973235176461
"82","Deccan 451 540","Deccan",451,540,725000,75000,170408.662280702,6576506.57777778,1.87475519228722,-2.08450542943152,1.78297605266952,1.2490101561743,-0.438637661666914
"83","Deccan 541 756","Deccan",541,756,3525000,750000,70000,6576506.57777778,3.06549337621894,-0.0926825394116579,0.446674397448853,-0.759602661154189,-1.69198338624348
"84","Deccan 757 973","Deccan",757,973,5500000,6e+05,1e+05,6576506.57777778,1.7335197724919,1.24885095681865,-0.391850136222807,0.853028865043396,-2.74685229556174
"85","Deccan 974 1055","Deccan",974,1055,7750000,3800000,87500,6576506.57777778,1.33048376506652,1.41365609011711,-0.303094200156028,1.09395442289937,-2.1301283359889
"86","Finger Lakes 1300 1565","Finger Lakes",1300,1565,45000,73218,1200,6576506.57777778,-1.10869458337369,0.374331224257816,0.207963675461366,-0.529453352092395,0.235189738550501
"87","Finger Lakes 1566 1713","Finger Lakes",1566,1713,5500,1e+05,600,6576506.57777778,-4.86082921025743,-0.946954304693783,1.17128644234631,0.936245364579187,0.39509474169815
"88","Finger Lakes 1714 1848","Finger Lakes",1714,1848,12000,1e+05,600,6576506.57777778,-4.16908840082935,-0.7874002095797,-0.0703291153877166,0.243795101361979,0.364660451331063
"89","Galilee -103 -62","Galilee",-103,-62,14965144.9772727,7500,55000,1e+05,0.95092272878983,-1.88365673887977,-2.58540855689485,0.471357802122976,0.67286550033779
"90","Galilee -1030 -722","Galilee",-1030,-722,220000,11500,17500,15000,2.41989403759674,-0.528641785912134,-1.78026271201314,0.121371728673866,3.04097893821459
"91","Galilee -1180 -1031","Galilee",-1180,-1031,35000,9000,50000,24000,0.936188200395715,2.55373158358259,-4.39569688379407,0.174377349133506,-0.234496809257839
"92","Galilee -200 -104","Galilee",-200,-104,1.6e+07,1387500,75000,4750000,3.39132213080981,-1.53625578420803,-0.805340262914016,-0.519428620180869,-0.106811060168935
"93","Galilee -2000 -1181","Galilee",-2000,-1181,32500,1700,35000,3e+05,-0.712363315167985,1.65516440542491,-3.00327509159001,0.861562441518713,1.26206136399606
"94","Galilee -300 -199","Galilee",-300,-199,7e+06,1e+06,1e+05,3750000,4.66941917619307,0.0613689679848097,2.35841803938487,1.95147447305521,1.61582012037022
"95","Galilee -538 -331","Galilee",-538,-331,2.6e+07,4e+06,2e+05,2750000,5.06386760683625,-0.270911268255456,1.16034850716073,0.769798398003458,-1.27573966668128
"96","Galilee -721 -539","Galilee",-721,-539,6e+06,1400000,10000,6576506.57777778,1.20569525110646,-1.1382132943725,1.32024046454897,-1.38552441085675,-0.120323167778173
"97","Garo Hills 1775 1867","Garo Hills",1775,1867,2500,1720265.20347003,2500,4771577,-7.89963488664243,0.542569933674377,0.364067698799599,-0.056089177178803,0.957467424910266
"98","Garo Hills 1868 1956","Garo Hills",1868,1956,138000,8000,8000,4771577,-5.53387314752209,-1.56957153541378,-1.49474771233428,-0.744957914915741,2.68669344005091
"99","Ghanaian Coast 1501 1701","Ghanaian Coast",1501,1701,14965144.9772727,1720265.20347003,170408.662280702,5112903,-3.49901204883476,2.74847018948525,0.799234333453953,1.02493675052033,-0.15715039000263
"100","Ghanaian Coast 1702 1895","Ghanaian Coast",1702,1895,3e+06,259000,13500,5112903,0.759395023849293,1.54724643344789,1.26626524385183,-1.65345034475119,0.0626699615337675
"101","Chuuk Islands 1775 1885","Chuuk Islands",1775,1885,14965144.9772727,1720265.20347003,150,6576506.57777778,-6.90444897562042,1.19519648077138,1.13519065400824,0.790416718214478,0.0304513361992341
"102","Chuuk Islands 1886 1948","Chuuk Islands",1886,1948,9200,127,170408.662280702,7400000,-3.7878545110981,-1.1757174651301,-1.78210157928715,0.269814279975468,1.82153548243179
"103","Iceland 1262 1380","Iceland",1262,1380,70000,103000,250,5600000,-1.18467221667698,-0.83006739082191,-3.36634260497915,-0.195642455162271,-0.215649214098561
"104","Iceland 930 1261","Iceland",930,1261,32500,103000,250,3400000,-3.28533513205608,-2.47347043186582,0.911290215020755,0.761592829525878,-1.20870198441647
"105","Kachi Plain -1300 -551","Kachi Plain",-1300,-551,1125,1720265.20347003,170408.662280702,6576506.57777778,-4.30286093477699,1.98066345246497,-1.03164961274558,0.859920875440028,-0.339866172208286
"106","Kachi Plain -145 -96","Kachi Plain",-145,-96,60000,105226,170408.662280702,6576506.57777778,0.175307726390617,-1.56282893482691,0.232778851052757,1.72715433588834,-2.64281896228479
"107","Kachi Plain -1800 -1301","Kachi Plain",-1800,-1301,14965144.9772727,1720265.20347003,1125,6576506.57777778,-7.56713767636691,-1.41212812635883,0.829724737261715,-1.09470587732256,0.0585951702418914
"108","Kachi Plain -2100 -1801","Kachi Plain",-2100,-1801,14965144.9772727,135000,1e+05,1250000,-5.65554947330949,-0.705882755377971,0.146243930932315,0.173142829465097,-2.18538062855507
"109","Kachi Plain -2500 -2101","Kachi Plain",-2500,-2101,14965144.9772727,135000,1e+05,1250000,-5.61332520313639,-0.759205740358079,0.0767201411976555,0.238705710344065,-2.19090229134836
"110","Kachi Plain -303 -194","Kachi Plain",-303,-194,1.8e+07,4e+06,50000,1700000,3.9344273692533,-0.331826421415034,1.29593106622687,0.910852777910536,-0.24612686867849
"111","Kachi Plain -3200 -2501","Kachi Plain",-3200,-2501,14965144.9772727,1720265.20347003,2850,6576506.57777778,-7.64330039942307,-0.197724764684033,0.307086527768084,-0.0203598959582183,-0.274423668414963
"112","Kachi Plain -4000 -3201","Kachi Plain",-4000,-3201,14965144.9772727,1720265.20347003,2450,6576506.57777778,-7.82366055613855,0.0154445677655398,1.14458861135089,0.0800142448131575,-0.908407457570197
"113","Kachi Plain -550 -329","Kachi Plain",-550,-329,2.6e+07,4e+06,2e+05,2750000,5.06386760683625,-0.270911268255456,1.16034850716073,0.769798398003458,-1.27573966668128
"114","Kachi Plain -5500 -4001","Kachi Plain",-5500,-4001,14965144.9772727,1720265.20347003,500,6576506.57777778,-8.03601063850385,0.228102100221097,1.12046218705539,0.150353997845961,-0.734940493060442
"115","Kachi Plain -7500 -5501","Kachi Plain",-7500,-5501,14965144.9772727,1720265.20347003,500,6576506.57777778,-8.15978360743763,0.313019317669006,1.17818509103482,0.0563697992361098,-0.606920077001219
"116","Kachi Plain -95 21","Kachi Plain",-95,21,75000,280000,450000,3750000,2.62670615743378,-0.703054152750577,-0.201580369931508,0.905229560437055,-0.34529061272683
"117","Kachi Plain 1193 1206","Kachi Plain",1193,1206,14965144.9772727,880000,170408.662280702,6576506.57777778,0.446395150397467,-3.15813979744734,-1.97909823445324,1.50636373070965,1.55353861220988
"118","Kachi Plain 1207 1339","Kachi Plain",1207,1339,14965144.9772727,3e+06,3e+05,6576506.57777778,6.27152521160474,1.42229221442133,-0.760857854641292,0.699120915487041,0.658470102221859
"119","Kachi Plain 1340 1519","Kachi Plain",1340,1519,1e+06,140914,170408.662280702,6576506.57777778,-0.477196527811382,-4.05319671620051,-2.19474554057508,0.106722530121435,0.717232460445488
"120","Kachi Plain 1526 1740","Kachi Plain",1526,1740,1.3e+08,3850000,4e+05,6576506.57777778,3.35084257644208,-1.69917309563868,2.05508430106408,2.15913232875475,0.392576385715432
"121","Kachi Plain 1748 1826","Kachi Plain",1748,1826,14965144.9772727,489500,170408.662280702,6576506.57777778,-0.435604367703931,-1.00679739531842,0.655844564621054,2.5772189958166,-0.984121842124726
"122","Kachi Plain 251 495","Kachi Plain",251,495,5e+06,2900000,1e+05,3250000,4.73903542509642,0.642327258403402,0.0303539446854978,-0.156093872872145,0.518868730492499
"123","Kachi Plain 30 250","Kachi Plain",30,250,13750000,2250000,1e+05,4e+06,1.62775634254851,-2.118124464892,-2.55713521363312,0.704366296430396,0.531912583940153
"124","Kachi Plain 496 531","Kachi Plain",496,531,26500000,2e+06,170408.662280702,7750000,-0.0608945383584369,-3.21262464448813,-2.05337056636761,1.52691822799002,1.39781963075463
"125","Kachi Plain 532 641","Kachi Plain",532,641,8900000,3050000,4e+05,3250000,5.11892590221608,0.546688642431796,-0.125890861859772,-0.0989777040080678,0.39255977999855
"126","Kachi Plain 670 750","Kachi Plain",670,750,2.8e+07,9e+06,3e+05,9e+06,2.0888842389612,-3.39313985030626,1.58225391876277,0.819244411038407,-1.5814831381387
"127","Kachi Plain 750 861","Kachi Plain",750,861,2.1e+07,1e+06,3e+05,1.1e+07,3.55050560834718,-1.29192929901036,1.78584713283605,0.97695973785381,0.372572471754353
"128","Kachi Plain 862 1192","Kachi Plain",862,1192,1e+06,140914,170408.662280702,6576506.57777778,-0.473232753657646,-4.12763266793205,-2.23349567240117,0.113696456733668,0.754160801216788
"129","Kansai -1200 -200","Kansai",-1200,-200,700,1720265.20347003,450,6576506.57777778,-4.71767044515134,2.73667200960499,0.847740955826464,1.07473536522028,1.62099417773449
"130","Kansai -13600 -9200","Kansai",-13600,-9200,14965144.9772727,1720265.20347003,170408.662280702,6576506.57777778,-4.67132514426586,3.59712838384658,0.444390608779463,-0.169799827763655,0.948505098454154
"131","Kansai -2500 -1200","Kansai",-2500,-1200,700,1720265.20347003,450,6576506.57777778,-4.67750348595523,2.85783953773764,1.10489868112358,0.914455913949699,1.86084517442901
"132","Kansai -300 249","Kansai",-300,249,2250,1720265.20347003,1500,78000,-6.16742206121473,0.0147391178518926,-0.234201543040687,0.877926431439268,-0.161845024294633
"133","Kansai -3500 -2500","Kansai",-3500,-2500,14965144.9772727,1720265.20347003,450,6576506.57777778,-4.24754706594825,3.60985002897387,0.433780485880923,-0.195119504505598,0.873651347405036
"134","Kansai -5300 -3500","Kansai",-5300,-3500,700,1720265.20347003,450,6576506.57777778,-4.46021374573728,3.65608928647227,0.418579604675889,-0.218581334427418,0.871887642939457
"135","Kansai -9200 -5300","Kansai",-9200,-5300,14965144.9772727,1720265.20347003,170408.662280702,6576506.57777778,-4.44441607986564,3.62771348549688,0.466114381209972,-0.176755250569582,0.955318269560738
"136","Kansai 1185 1333","Kansai",1185,1333,5900000,295000,150000,0,2.04383146608123,-1.32227962135741,1.22635288413824,0.902066782152588,-0.616544339524572
"137","Kansai 1336 1466","Kansai",1336,1466,12500000,295000,40000,3900000,2.7993781651281,-1.01969185706798,-0.033282764018941,0.853902633765599,1.10435113418462
"138","Kansai 1467 1567","Kansai",1467,1567,1.5e+07,15000,40000,6576506.57777778,0.106420779639968,1.44782045089951,-0.74936936632584,3.16434579750877,-0.215844915431512
"139","Kansai 1568 1602","Kansai",1568,1602,1.7e+07,295000,3e+05,6576506.57777778,1.12197690824099,0.101575062335954,0.357760017280479,1.93261452542875,-1.17157213497283
"140","Kansai 1603 1868","Kansai",1603,1868,2.2e+07,295000,570361,6576506.57777778,3.58658153617055,-0.369859980056612,1.54758688668072,1.35340902670901,0.0934267565381655
"141","Kansai 250 537","Kansai",250,537,250000,125000,170408.662280702,90000,-2.74799896656694,0.583028890031654,-0.661353314417297,1.77617822752449,-0.331532129372883
"142","Kansai 538 710","Kansai",538,710,2250000,125000,170408.662280702,5400000,1.44742823777691,-1.71693738349531,0.81893334928693,-0.315015502214631,0.00508109569364187
"143","Kansai 794 1184","Kansai",794,1184,5150000,275000,150000,3243000,1.59401100549098,-2.51867393135614,0.513119226755937,0.568287845876851,-0.246497725181525
"144","Kapuasi Basin 1650 1841","Kapuasi Basin",1650,1841,262.5,1720265.20347003,262.5,4500000,-7.6551502755096,0.188364274056871,0.768961764971915,0.771937145441237,-0.363871546690527
"145","Kapuasi Basin 1842 1987","Kapuasi Basin",1842,1987,14965144.9772727,124450,262.5,4500000,-4.76583889915863,-1.82491604437199,-2.07994751905875,0.314430608600749,1.7039721115588
"146","Konya Plain -1180 -901","Konya Plain",-1180,-901,120000,500,15000,6576506.57777778,-2.3410831425523,0.957912990008021,-1.28386854633622,1.46795064971946,-0.945339922090885
"147","Konya Plain -129 -95","Konya Plain",-129,-95,350000,130000,170408.662280702,6576506.57777778,0.747092579627297,-1.59113042163233,-2.55752956939349,-1.57004742502189,1.09323211008208
"148","Konya Plain -1344 -1181","Konya Plain",-1344,-1181,1650000,325000,17500,6576506.57777778,1.3152496360933,0.00154986427630467,-0.262798762919603,-1.61621013328528,0.315618014147577
"149","Konya Plain -1500 -1400","Konya Plain",-1500,-1400,350000,62500,14500,6576506.57777778,-0.197891665150622,0.80827401087471,-0.463015155700766,-0.274504325561316,0.608372038149677
"150","Konya Plain -1650 -1501","Konya Plain",-1650,-1501,1200000,125000,12500,6576506.57777778,0.338484925277903,-0.526682076817294,0.118955791926142,-1.39252100681819,0.808257620491159
"151","Konya Plain -2000 -1700","Konya Plain",-2000,-1700,75000,20000,10000,6576506.57777778,-2.32145837638887,-1.26034395214319,-2.39704528376952,0.609919823606472,1.26643081084456
"152","Konya Plain -281 -190","Konya Plain",-281,-190,1.6e+07,1387500,75000,4750000,3.39132213080981,-1.53625578420803,-0.805340262914016,-0.519428620180869,-0.106811060168935
"153","Konya Plain -300 -282","Konya Plain",-300,-282,2500000,420000,170408.662280702,6576506.57777778,0.070008257940161,-0.406362671595046,-2.98718071922705,1.62656070211374,1.34206213410503
"154","Konya Plain -3000 -2001","Konya Plain",-3000,-2001,14965144.9772727,1720265.20347003,170408.662280702,6576506.57777778,-4.93706372575752,0.893571721299926,-1.10395885395883,0.170368308019488,-1.35579793647529
"155","Konya Plain -31 283","Konya Plain",-31,283,6e+07,4500000,1050000,1.7e+07,6.77945134490131,1.63831454165043,1.54967679713377,0.38581211556068,0.960911440127831
"156","Konya Plain -5000 -3001","Konya Plain",-5000,-3001,14965144.9772727,90,3150,6576506.57777778,-5.82263081671197,0.667858800830242,-0.0187888245872875,0.473729942253587,-0.14719181646006
"157","Konya Plain -546 -334","Konya Plain",-546,-334,2.6e+07,4e+06,2e+05,2750000,5.06386760683625,-0.270911268255456,1.16034850716073,0.769798398003458,-1.27573966668128
"158","Konya Plain -6000 -5501","Konya Plain",-6000,-5501,3250,1720265.20347003,3150,6576506.57777778,-7.28878482505124,-0.115038858208972,0.0264677007072342,0.347162554783042,-0.228867373732728
"159","Konya Plain -6600 -6001","Konya Plain",-6600,-6001,3250,1720265.20347003,5750,6576506.57777778,-6.74740399291915,-2.23596957645994,0.694507324681731,-1.39030563039137,0.0134734515679491
"160","Konya Plain -670 -547","Konya Plain",-670,-547,14965144.9772727,250000,15000,6576506.57777778,1.10244860093324,-0.669056156519061,-1.83234739587597,-0.808190278395506,0.923834662709272
"161","Konya Plain -7000 -6601","Konya Plain",-7000,-6601,14965144.9772727,1720265.20347003,170408.662280702,6576506.57777778,-6.7753292029713,-2.18140651215256,0.816570547874926,-1.47466829312761,0.180283860675598
"162","Konya Plain -836 -696","Konya Plain",-836,-696,1250000,1e+05,17500,6576506.57777778,-1.31655465920567,-0.475284681266404,-0.41261141247974,0.887748174257827,-0.355000833728322
"163","Konya Plain -900 -837","Konya Plain",-900,-837,14965144.9772727,5000,170408.662280702,6576506.57777778,-2.67922127799136,0.578031913220424,-2.1829924496862,1.01421187930938,-0.827341939701935
"164","Konya Plain -9600 -7001","Konya Plain",-9600,-7001,14965144.9772727,1720265.20347003,170408.662280702,6576506.57777778,-6.73820682358197,-2.12612817341114,0.76829825004301,-1.51445812963257,0.0742284148326569
"165","Konya Plain 1093 1243","Konya Plain",1093,1243,1750000,275000,35000,6576506.57777778,2.28182339382332,-1.14671865187623,-2.88952258963599,0.365421311061249,0.526076479000763
"166","Konya Plain 1263 1326","Konya Plain",1263,1326,5250000,3800000,150000,2.5e+07,3.43005050971072,-1.56707855195851,-0.498183443021475,0.752076750937289,0.407503011310755
"167","Konya Plain 1393 1402","Konya Plain",1393,1402,8e+05,18000,25000,4750000,1.33151454441881,-2.48116476071645,-2.22070269291158,0.619495888268672,1.85026894619081
"168","Konya Plain 1421 1516","Konya Plain",1421,1516,7e+06,522000,230000,4750000,4.30988032899122,-0.0324738715935401,0.669496848299806,0.473251021247653,-0.573262414631112
"169","Konya Plain 1517 1682","Konya Plain",1517,1682,2.8e+07,4836000,675000,4750000,7.16824437159133,1.59736029990716,1.53422141604181,0.842371858512781,0.745199921804083
"170","Konya Plain 1683 1838","Konya Plain",1683,1838,2.4e+07,4710000,570000,6576506.57777778,6.96214901158596,1.63439138395326,0.87326798832864,0.590886721739859,1.5542939444415
"171","Konya Plain 284 394","Konya Plain",284,394,5.5e+07,4250000,8e+05,1.7e+07,6.21556450052343,0.0372239108206078,-2.21138115187371,-0.648767420428063,1.75153445582742
"172","Konya Plain 395 607","Konya Plain",395,607,13750000,1600000,2e+05,13500000,7.15014828580514,2.3652598107824,-0.752566550266356,-1.27455389795916,-0.543892813831648
"173","Konya Plain 632 866","Konya Plain",632,866,6250000,1235000,215000,17500000,6.79657350815838,1.76259795058783,-0.819905421941008,-1.31351176351318,-0.959867820910098
"174","Konya Plain 867 1072","Konya Plain",867,1072,10750000,520000,1e+05,17500000,7.02003485819344,2.05384151537627,-0.831361282915158,-1.26527272067543,-0.820352581068779
"175","Latium -1000 -717","Latium",-1000,-717,14965144.9772727,1720265.20347003,200,6576506.57777778,-5.09674731786336,-2.1310518599108,0.278319885537209,-0.299036598642556,-0.0111690897393035
"176","Latium -133 -31","Latium",-133,-31,3e+07,2725000,4e+05,6576506.57777778,3.18620678745376,-0.731340874204809,-2.40798432844611,-1.13577222928236,1.71272403890155
"177","Latium -1800 -1001","Latium",-1800,-1001,14965144.9772727,3.5,160,6576506.57777778,-7.69880321737596,-0.556073781384773,-0.31071556805039,0.704298674427175,-0.563990074551161
"178","Latium -264 -134","Latium",-264,-134,3750000,430000,210000,6576506.57777778,2.00351584866548,-0.532204923888161,0.39066445792712,-0.942075334549931,-0.989118647514016
"179","Latium -31 283","Latium",-31,283,6e+07,4500000,1050000,1.7e+07,6.77945134490131,1.63831454165043,1.54967679713377,0.38581211556068,0.960911440127831
"180","Latium -3600 -1801","Latium",-3600,-1801,14965144.9772727,1720265.20347003,170408.662280702,6576506.57777778,-8.23450207177855,-0.314656337712384,-0.079193280421633,0.253409615820336,-0.266906261804684
"181","Latium -509 -265","Latium",-509,-265,550000,15650,45000,62500,0.49821611743887,-0.812253278862864,-0.648569218927248,-1.10264989634999,-0.686143492322301
"182","Latium -716 -510","Latium",-716,-510,35000,1000,30500,1250000,-1.23927474487215,-1.99340990126482,1.18137545404421,-0.492004853174779,0.0862647320022211
"183","Latium 1198 1308","Latium",1198,1308,9e+05,44000,35000,6576506.57777778,3.27222360880929,-0.545769933930576,-1.19883147626669,-1.51095088369625,-2.13236366065344
"184","Latium 1378 1526","Latium",1378,1526,6e+05,44000,29000,6576506.57777778,1.88258098893074,0.923438185495821,-0.979806569736849,0.674804469384199,-2.82688686235588
"185","Latium 1527 1647","Latium",1527,1647,1600000,44000,10000,6576506.57777778,2.85458664420692,-0.506882012749653,-1.24228820135815,-1.70639338276394,-2.16268752489091
"186","Latium 1648 1800","Latium",1648,1800,1900000,44000,118000,6576506.57777778,3.03750991948438,0.240447263473321,-0.692940733809671,-2.0971800956535,-1.58742530066058
"187","Latium 284 394","Latium",284,394,5.5e+07,4250000,8e+05,1.7e+07,6.21556450052343,0.0372239108206078,-2.21138115187371,-0.648767420428063,1.75153445582742
"188","Latium 395 457","Latium",395,457,14965144.9772727,2e+06,5e+05,6e+06,7.09584007595733,2.67017219188677,-1.02521447967239,-1.9937095249227,-0.901043852740844
"189","Latium 493 554","Latium",493,554,5500000,635000,150000,6576506.57777778,3.73138960912258,-0.944319515106493,-1.12144598346724,-1.18212723410452,-0.701142427145905
"190","Latium 568 710","Latium",568,710,1e+06,50000,77500,6576506.57777778,2.73242143752463,-0.9790870598519,-3.1276680102185,-1.10933076544596,-0.156107026571565
"191","Latium 711 903","Latium",711,903,917500,50000,70000,1.7e+07,2.42608797805868,0.521002019102482,-1.21998351657896,-0.456236948077938,-1.50225374179209
"192","Latium 904 1197","Latium",904,1197,775000,6000,35000,1.7e+07,2.91122167569391,1.3619505902924,-4.13288615849328,-0.28612611581041,-0.631813028871767
"193","Lena River Valley 1400 1642","Lena River Valley",1400,1642,14965144.9772727,1720265.20347003,100,13100000,-7.1948377086255,0.325031951619281,0.856626398838612,1.09777307177751,-0.633134206052685
"194","Lena River Valley 1643 1900","Lena River Valley",1643,1900,14965144.9772727,1720265.20347003,170408.662280702,13100000,-5.61154918482966,-2.04207537568762,-2.22142242325113,0.247133814547299,1.40040057518861
"195","Lowland Andes 1534 1830","Lowland Andes",1534,1830,300,16,300,5500000,-6.16108202880061,-0.673431961422285,-1.28149166170746,-2.42198545170288,2.75990630321453
"196","Lowland Andes 1831 1931","Lowland Andes",1831,1931,14965144.9772727,1720265.20347003,300,5500000,-7.2205391987161,1.40993834432126,0.926928253563144,0.30106244856979,0.164227557594225
"197","Middle Ganga -187 -65","Middle Ganga",-187,-65,5.9e+07,4e+06,160000,6576506.57777778,0.927852830496198,-0.766688623340637,-0.412114636974793,1.10047780732675,-0.785002925118143
"198","Middle Ganga -3000 -600","Middle Ganga",-3000,-600,14965144.9772727,1720265.20347003,170408.662280702,6576506.57777778,-1.03411715265194,0.15304396669354,-0.102210507165891,-0.306170757986846,0.101189598884574
"199","Middle Ganga -324 -188","Middle Ganga",-324,-188,1.8e+07,4e+06,50000,1700000,3.9344273692533,-0.331826421415034,1.29593106622687,0.910852777910536,-0.24612686867849
"200","Middle Ganga -600 -325","Middle Ganga",-600,-325,14965144.9772727,1720265.20347003,30000,6576506.57777778,-1.65416426937323,-0.488647605509176,0.483415678292328,-0.369999342657326,0.529677289007912
"201","Middle Ganga -64 34","Middle Ganga",-64,34,14965144.9772727,1720265.20347003,170408.662280702,6576506.57777778,0.808503231989718,-0.691207383582005,-0.488046867188941,0.931589977164964,-0.618808670318364
"202","Middle Ganga -7000 -3000","Middle Ganga",-7000,-3000,14965144.9772727,1720265.20347003,170408.662280702,6576506.57777778,-1.37093358454891,0.13152338839449,-0.0661009519951938,-0.156943264631558,-0.0423185008974477
"203","Middle Ganga 1090 1202","Middle Ganga",1090,1202,14965144.9772727,325000,86000,6576506.57777778,0.786557325159615,-0.444695358944557,-0.3218997213132,0.804041587113263,-0.59272695245697
"204","Middle Ganga 1206 1525","Middle Ganga",1206,1525,14965144.9772727,3e+06,3e+05,6576506.57777778,6.27152521160474,1.42229221442133,-0.760857854641292,0.699120915487041,0.658470102221859
"205","Middle Ganga 1526 1803","Middle Ganga",1526,1803,1.3e+08,3850000,4e+05,6576506.57777778,3.35084257644208,-1.69917309563868,2.05508430106408,2.15913232875475,0.392576385715432
"206","Middle Ganga 320 514","Middle Ganga",320,514,14965144.9772727,850000,150000,6576506.57777778,3.1827555300671,1.21268937334499,-0.760248431301511,0.994186854098157,-1.88294408623499
"207","Middle Ganga 35 319","Middle Ganga",35,319,13750000,2250000,1e+05,4e+06,1.62775634254851,-2.118124464892,-2.55713521363312,0.704366296430396,0.531912583940153
"208","Middle Ganga 550 606","Middle Ganga",550,606,14965144.9772727,1720265.20347003,170408.662280702,6576506.57777778,0.657459137010808,-0.539114353308087,-0.388365341752196,0.768235355316327,-0.666422824889519
"209","Middle Ganga 650 779","Middle Ganga",650,779,14965144.9772727,1720265.20347003,120000,6576506.57777778,1.21378588394939,-0.0524456937471377,-0.209802181424178,0.72654744120495,-0.43051573725483
"210","Middle Ganga 780 809","Middle Ganga",780,809,5500000,6e+05,1e+05,6576506.57777778,1.7335197724919,1.24885095681865,-0.391850136222807,0.853028865043396,-2.74685229556174
"211","Middle Ganga 810 1030","Middle Ganga",810,1030,14965144.9772727,1e+06,72000,6576506.57777778,0.604090835364441,-0.507671643541376,-0.331943589012759,0.684998338232336,-0.625788879753999
"212","Middle Yellow River Valley -1122 -795","Middle Yellow River Valley",-1122,-795,10500000,850000,1e+05,6576506.57777778,1.71253924114015,-1.40941702985254,-1.61646187467202,-1.14842039202179,2.60663022791254
"213","Middle Yellow River Valley -1250 -1123","Middle Yellow River Valley",-1250,-1123,5e+06,1e+06,4000,1e+06,-0.388437776645534,-1.66919005171083,-1.59810868286784,-2.25429104502529,2.06710203297064
"214","Middle Yellow River Valley -1650 -1251","Middle Yellow River Valley",-1650,-1251,2500000,375000,59500,6576506.57777778,-2.06278834859978,-1.49505469592405,0.412878836411723,-1.88205343969895,-0.0971626870091399
"215","Middle Yellow River Valley -1850 -1651","Middle Yellow River Valley",-1850,-1651,68000,15000,16750,6576506.57777778,-3.66800627827776,0.793696447461123,-0.532620457319979,0.469472306482578,-0.237064308284425
"216","Middle Yellow River Valley -202 9","Middle Yellow River Valley",-202,9,52500000,2433000,325000,3500000,4.51203364604235,-0.566583086793855,-1.21858249593982,-0.0789174666447273,2.86262165704638
"217","Middle Yellow River Valley -3000 -1900","Middle Yellow River Valley",-3000,-1900,14965144.9772727,1750,30500,6576506.57777778,-2.9773031904316,2.40382255829765,-0.53394994163281,0.0179498174038841,0.188138823176821
"218","Middle Yellow River Valley -338 -207","Middle Yellow River Valley",-338,-207,4e+07,340000,2e+05,3500000,3.46930343256796,-0.39332215625736,1.68072730673298,-0.0608958736775176,0.183138815882197
"219","Middle Yellow River Valley -488 -223","Middle Yellow River Valley",-488,-223,14965144.9772727,90000,170408.662280702,3500000,1.18459740997099,-1.07800337110857,-0.0523266481691562,-0.268223205213137,-0.261198273393682
"220","Middle Yellow River Valley -5000 -3001","Middle Yellow River Valley",-5000,-3001,20000,1720265.20347003,350,1e+06,-5.11226188928017,2.83148992179238,-0.344549065621121,-0.546849785730797,0.631540817865824
"221","Middle Yellow River Valley -794 -489","Middle Yellow River Valley",-794,-489,14965144.9772727,160000,170408.662280702,9e+06,-0.137131981167758,-0.306810377317688,-3.00154337960175,0.304734572317559,1.03256854538925
"222","Middle Yellow River Valley 1127 1234","Middle Yellow River Valley",1127,1234,49500000,3600000,170408.662280702,3600000,2.18732102550639,-1.88835076836759,0.314741580466158,0.313008668042603,-0.74214331483775
"223","Middle Yellow River Valley 1271 1367","Middle Yellow River Valley",1271,1367,72745500,17500000,8e+05,21500000,5.09573390682703,-0.752003782981744,1.05384735847713,0.444439486377411,0.32161866586188
"224","Middle Yellow River Valley 1368 1643","Middle Yellow River Valley",1368,1643,80454350,4427500,150000,4500000,4.24654326472781,-0.523625622545426,0.537847874326067,0.381547507234763,0.607930446470833
"225","Middle Yellow River Valley 1644 1795","Middle Yellow River Valley",1644,1795,1.2e+08,13100000,745400,13100000,6.33860712875676,1.3945122835643,1.13527702524956,0.968358393939264,1.93911841197171
"226","Middle Yellow River Valley 1796 1912","Middle Yellow River Valley",1796,1912,321500000,11300000,890892,11300000,6.22504475655923,1.10736998102408,1.13605754097617,0.96577957624516,1.73055212885839
"227","Middle Yellow River Valley 25 219","Middle Yellow River Valley",25,219,37438704,2500000,1e+05,3500000,3.96604587780287,-0.54438790751142,1.639783166924,0.801944579979172,1.88620515612621
"228","Middle Yellow River Valley 265 317","Middle Yellow River Valley",265,317,16163863,4500000,6e+05,3500000,4.72281070438421,-0.558797954240637,2.50591870271542,1.1931192971341,1.16747372778982
"229","Middle Yellow River Valley 386 557","Middle Yellow River Valley",386,557,3.2e+07,5e+05,6e+05,7500000,3.03378396519403,-1.79325274216198,0.917751188300644,0.968920822148756,0.380003517204545
"230","Middle Yellow River Valley 581 617","Middle Yellow River Valley",581,617,4.6e+07,3050000,5e+05,3500000,2.45857010043938,-0.820186222741901,1.37984161257264,0.162311930227153,-0.394079003056717
"231","Middle Yellow River Valley 618 762","Middle Yellow River Valley",618,762,3.7e+07,3600000,1e+06,5500000,5.22979506965925,0.474397048338492,1.65018803726809,0.742859781024446,0.58292063534272
"232","Middle Yellow River Valley 763 907","Middle Yellow River Valley",763,907,6e+07,8e+05,1e+06,5500000,3.00570721665205,-0.620522835659247,1.12563672323687,0.893291854996866,-0.946667400158255
"233","Middle Yellow River Valley 960 1126","Middle Yellow River Valley",960,1126,8e+07,2633500,5e+05,2500000,6.10490781848078,1.01284391907317,2.13103410284896,1.14648016920096,1.58719862200254
"234","Niger Inland Delta -250 49","Niger Inland Delta",-250,49,250,7.5,125,2e+06,-5.53197072420288,2.79635329271951,-0.587321403059009,-0.0500844937711784,0.167733100554684
"235","Niger Inland Delta 1100 1202","Niger Inland Delta",1100,1202,1250000,375000,17500,6576506.57777778,0.418070328904669,-2.40411813211277,-0.116775869690263,-0.822001924841703,-0.543166195705388
"236","Niger Inland Delta 1235 1410","Niger Inland Delta",1235,1410,4500000,1800000,14500,1800000,0.667240633464245,-2.45239223688311,0.637227424894775,-0.034053736144114,-0.14294735494174
"237","Niger Inland Delta 1494 1591","Niger Inland Delta",1494,1591,4500000,650000,60000,1800000,1.83404283940862,-1.40526039505291,0.179799426216693,-0.211993359403522,-0.297924430422127
"238","Niger Inland Delta 1591 1618","Niger Inland Delta",1591,1618,2500000,447000,125000,4750000,2.71834957829958,-1.49334851834746,0.249202795280208,0.748515877560283,-0.344061779820855
"239","Niger Inland Delta 1640 1711","Niger Inland Delta",1640,1711,2e+06,250000,170408.662280702,6576506.57777778,-2.3396639388787,-2.84133879267957,1.15413963457463,-0.572044071668887,0.703411794293868
"240","Niger Inland Delta 1712 1818","Niger Inland Delta",1712,1818,3500000,4e+05,30000,6576506.57777778,1.48953721106604,-1.31582014885004,0.148748365205842,-0.641882508538917,-0.108060717948385
"241","Niger Inland Delta 400 899","Niger Inland Delta",400,899,18000,1100,7500,25000,-4.73324301538976,2.92730571545755,-0.276127436683427,-0.142841129392439,0.424520762591636
"242","Niger Inland Delta 50 399","Niger Inland Delta",50,399,2500,1000,1250,2e+06,-4.95208493306229,2.87351836909246,-0.443710464147515,-0.0481448365222222,0.295578101812546
"243","Niger Inland Delta 700 1077","Niger Inland Delta",700,1077,1125000,375000,17500,6576506.57777778,-0.656782490067363,-1.76260943407448,0.734494984754676,-1.03688575132328,0.269024414613332
"244","Niger Inland Delta 900 999","Niger Inland Delta",900,999,27500,1100,25000,25000,-3.29801731621102,2.23376356362745,-0.79311563553065,0.980894883056638,-0.0725439306395745
"245","North Colombia 1050 1524","North Colombia",1050,1524,4543.5,150,2550,6576506.57777778,-6.32504968862269,0.222480078808849,-0.0389568329485214,0.640323855862431,-0.439521599952717
"246","North Colombia 250 1049","North Colombia",250,1049,14965144.9772727,1720265.20347003,750,6576506.57777778,-4.81469074733643,2.49886443305068,-0.797203778884423,0.275103849372336,-0.0487578612989796
"247","Orkhon Valley -1400 -300","Orkhon Valley",-1400,-300,62500,875000,170408.662280702,6576506.57777778,-3.99478776380879,-1.59000534538518,0.592801296814387,0.179550112488593,1.04196425704707
"248","Orkhon Valley -209 -60","Orkhon Valley",-209,-60,1500000,4100000,4000,6576506.57777778,-1.38615480775913,-0.637220509934361,1.18012090967221,0.340841655404804,2.404979873458
"249","Orkhon Valley -59 99","Orkhon Valley",-59,99,1250000,3600000,4000,6576506.57777778,-1.25032116594029,-0.698358236812101,1.10253029361718,0.397029337721608,2.34564082869553
"250","Orkhon Valley 100 250","Orkhon Valley",100,250,1250000,3400000,170408.662280702,6576506.57777778,-2.62027394911257,0.517869252479385,0.731704627294655,0.927052569831745,2.02216146064228
"251","Orkhon Valley 1126 1205","Orkhon Valley",1126,1205,1e+05,80000,500,6576506.57777778,-5.28655749507623,1.15383473001193,0.215852649048365,2.04880539114342,0.704110182988309
"252","Orkhon Valley 1206 1270","Orkhon Valley",1206,1270,14965144.9772727,25221806,170408.662280702,6576506.57777778,1.55594793044434,-0.936983629060628,0.959833916323771,1.62859298867747,-1.68357799289429
"253","Orkhon Valley 1271 1367","Orkhon Valley",1271,1367,72745500,17500000,8e+05,21500000,5.09573390682703,-0.752003782981744,1.05384735847713,0.444439486377411,0.32161866586188
"254","Orkhon Valley 1368 1689","Orkhon Valley",1368,1689,55000,2750000,170408.662280702,6576506.57777778,-1.9789741048307,0.916273332119647,-1.43395759187378,2.48074110073052,-0.960074747466253
"255","Orkhon Valley 1695 1745","Orkhon Valley",1695,1745,1100000,190000,170408.662280702,6576506.57777778,-0.691316438930049,-1.66360091903761,1.18158002231797,0.946893671090384,-0.334080119295619
"256","Orkhon Valley 1796 1912","Orkhon Valley",1796,1912,321500000,11300000,890892,11300000,6.22504475655923,1.10736998102408,1.13605754097617,0.96577957624516,1.73055212885839
"257","Orkhon Valley 300 551","Orkhon Valley",300,551,750000,4e+06,170408.662280702,6576506.57777778,-1.90312290406734,-1.99103275470874,0.797292514810234,0.256960092596918,0.770927118957041
"258","Orkhon Valley 583 630","Orkhon Valley",583,630,450000,4750000,170408.662280702,6576506.57777778,-1.94609579406801,-1.31038277330157,0.27784288580152,0.436390397164901,-0.258884233184085
"259","Orkhon Valley 684 744","Orkhon Valley",684,744,450000,3500000,170408.662280702,6576506.57777778,-1.72247852612716,-1.75361798759759,0.358722956842782,-0.150781981980904,0.0855911225571188
"260","Orkhon Valley 745 840","Orkhon Valley",745,840,450000,2250000,170408.662280702,6576506.57777778,0.250255849273303,-0.806684720174324,-1.55896684067167,-0.26801671480839,0.928689162019543
"261","Orkhon Valley 841 907","Orkhon Valley",841,907,14965144.9772727,1720265.20347003,170408.662280702,6576506.57777778,-3.13949493836686,1.48226805703984,-1.36632621987626,0.823063755058767,-0.365006891833833
"262","Oro PNG 1734 1883","Oro PNG",1734,1883,14965144.9772727,1720265.20347003,700,940000,-5.99863353382886,2.53124573516729,1.69963312086799,0.773721920992247,1.57850172401941
"263","Oro PNG 1884 1942","Oro PNG",1884,1942,9000,22800,700,940000,-4.67135664049512,-1.13155727986497,-2.48225852817443,-0.180785143678024,1.18286569081736
"264","Paris Basin -1000 -901","Paris Basin",-1000,-901,550,1000,100,6576506.57777778,-5.34716480454937,-2.30300017641659,0.458686410742947,0.435380795740334,-1.68673056344169
"265","Paris Basin -174 -27","Paris Basin",-174,-27,75000,15000,9000,6576506.57777778,-1.63033660358056,-0.727814403371347,-0.11666947293576,-0.150826236912451,-0.254594731900919
"266","Paris Basin -2200 -1001","Paris Basin",-2200,-1001,1500,1720265.20347003,1500,6576506.57777778,-3.70374193002456,1.76730227725729,-0.658123017780479,0.8801028735182,-1.5360867425266
"267","Paris Basin -31 283","Paris Basin",-31,283,6e+07,4500000,1050000,1.7e+07,6.77945134490131,1.63831454165043,1.54967679713377,0.38581211556068,0.960911440127831
"268","Paris Basin -3200 -2201","Paris Basin",-3200,-2201,1000,1720265.20347003,1000,6576506.57777778,-4.07821839379645,1.84752453645599,-0.589776879175595,0.690862426077013,-1.44753781984454
"269","Paris Basin -324 -175","Paris Basin",-324,-175,75000,1250,1525,6576506.57777778,-1.50032918089217,-0.992367845850558,-0.079414718425371,-0.999657602095566,-0.289082140732598
"270","Paris Basin -474 -325","Paris Basin",-474,-325,14965144.9772727,1250,3525,6576506.57777778,-2.49315341593753,-1.21234837333922,0.16331016206748,-1.45676700784312,-0.487964689635847
"271","Paris Basin -600 -475","Paris Basin",-600,-475,14965144.9772727,7500,5000,6576506.57777778,-3.69189327359791,-2.31497755536995,-2.29366607712309,0.537846760883518,1.09081244856054
"272","Paris Basin -700 -601","Paris Basin",-700,-601,4000,2750,4000,6576506.57777778,-3.66365049909012,-2.33698649165434,-2.27608696657357,0.634855478525285,1.13941093766491
"273","Paris Basin -900 -701","Paris Basin",-900,-701,14965144.9772727,1750,625,6576506.57777778,-3.92178890359328,-2.56868637738057,-2.48828601415242,0.751858590597381,0.92475136465893
"274","Paris Basin 1150 1327","Paris Basin",1150,1327,3e+06,75000,27500,1.7e+07,3.63529396982965,0.0772201837712112,-0.133208331383713,-1.72257889186417,-2.85606072207358
"275","Paris Basin 1328 1449","Paris Basin",1328,1449,9e+06,340000,150000,6576506.57777778,3.68447107215229,0.328243336933556,-0.299236893696824,-1.81143626215432,-2.4690553876752
"276","Paris Basin 1450 1588","Paris Basin",1450,1588,1.1e+07,450000,275000,6576506.57777778,6.67526022246337,3.70925732640265,-0.0227319277805445,-1.39424461648363,-0.230773681859805
"277","Paris Basin 1589 1659","Paris Basin",1589,1659,18500000,931000,2e+05,6576506.57777778,6.78828987659145,4.0239540396816,0.155130723114551,-1.55026948860269,-0.0514006385378613
"278","Paris Basin 1660 1788","Paris Basin",1660,1788,21800000,2250000,455000,6576506.57777778,7.46124511528233,5.10018347343099,0.591106052230344,-1.0777556302718,1.13929739281795
"279","Paris Basin 284 473","Paris Basin",284,473,5.5e+07,4250000,8e+05,1.7e+07,6.21556450052343,0.0372239108206078,-2.21138115187371,-0.648767420428063,1.75153445582742
"280","Paris Basin 481 542","Paris Basin",481,542,1500000,250000,25000,6576506.57777778,1.14943682900791,-0.72538969161262,-0.414517220726443,-0.858663176843982,-2.66165946744649
"281","Paris Basin 543 686","Paris Basin",543,686,1e+06,230000,25000,6576506.57777778,1.42615988288208,-0.785135168354427,-0.318817486506331,-0.662539221577693,-2.8437524123621
"282","Paris Basin 687 750","Paris Basin",687,750,1e+06,250000,25000,6576506.57777778,1.1167997573344,-0.355879127911049,-0.590490226811753,-0.183376046145217,-2.98525919686915
"283","Paris Basin 752 839","Paris Basin",752,839,1.5e+07,1100000,25000,1.7e+07,1.59482811480889,-0.525095860873907,-1.41289538958606,-2.53917863452847,-2.46726349334795
"284","Paris Basin 840 986","Paris Basin",840,986,6500000,675000,10000,1.7e+07,0.420854930899792,1.44542046706855,-1.41634622297069,-0.887577370533602,-3.75533882519593
"285","Paris Basin 987 1149","Paris Basin",987,1149,750000,15000,25000,1.7e+07,1.13436138141632,1.69927006820104,-1.11347099327813,-0.389152053074815,-3.31463048240626
"286","Sogdiana -129 29","Sogdiana",-129,29,162500,15000,170408.662280702,4e+06,-2.4305302121129,-0.619421621976957,-1.2865453973971,3.27657504035485,-1.5370268715554
"287","Sogdiana -1400 -1000","Sogdiana",-1400,-1000,14965144.9772727,1720265.20347003,170408.662280702,6576506.57777778,-6.54169244965026,-1.21490980180022,-0.829004610868392,1.6043369510008,-1.09858803973432
"288","Sogdiana -2000 -1401","Sogdiana",-2000,-1401,14965144.9772727,10750,150,2250000,-2.66907953638043,2.40153755702579,0.0650808835276647,1.56300729980523,-0.740634880870783
"289","Sogdiana -248 -130","Sogdiana",-248,-130,1750000,7e+05,37500,4750000,1.20091645236689,-2.42879700411044,0.665923846478512,0.965732134599292,0.229913293381672
"290","Sogdiana -300 -249","Sogdiana",-300,-249,1.6e+07,1387500,75000,4750000,3.39132213080981,-1.53625578420803,-0.805340262914016,-0.519428620180869,-0.106811060168935
"291","Sogdiana -3500 -2001","Sogdiana",-3500,-2001,14965144.9772727,1720265.20347003,4375,875000,-2.39804457057487,2.56145459259514,0.314665133095482,1.38813961233512,-0.749462239996175
"292","Sogdiana -520 -330","Sogdiana",-520,-330,2.6e+07,4e+06,2e+05,2750000,5.06386760683625,-0.270911268255456,1.16034850716073,0.769798398003458,-1.27573966668128
"293","Sogdiana -750 -600","Sogdiana",-750,-600,14965144.9772727,1720265.20347003,25000,6576506.57777778,-2.28694030126857,-1.55492819876888,1.24565244604557,-0.351343483743796,1.68679242740266
"294","Sogdiana -999 -751","Sogdiana",-999,-751,75000,1720265.20347003,25000,6576506.57777778,-1.74278929628546,2.2403586331365,-0.661676879053598,1.34172354055764,0.0678926546635296
"295","Sogdiana 1263 1361","Sogdiana",1263,1361,2e+06,3500000,170408.662280702,1.1e+07,0.229447581072632,-1.24776928091412,-0.0912121855279989,1.71059331496204,0.0334838793797839
"296","Sogdiana 1370 1526","Sogdiana",1370,1526,4.9e+07,5500000,150000,8500000,3.86933741938503,-1.37533328064027,0.835682361904395,1.31968101360791,0.927638416228018
"297","Sogdiana 1599 1747","Sogdiana",1599,1747,950000,225000,170408.662280702,6576506.57777778,2.22684114201192,0.123720151110972,0.805424027608949,1.45311536466958,-0.179593680350221
"298","Sogdiana 231 425","Sogdiana",231,425,5e+06,2900000,1e+05,3250000,4.73903542509642,0.642327258403402,0.0303539446854978,-0.156093872872145,0.518868730492499
"299","Sogdiana 30 230","Sogdiana",30,230,13750000,2250000,1e+05,4e+06,1.62775634254851,-2.118124464892,-2.55713521363312,0.704366296430396,0.531912583940153
"300","Sogdiana 426 563","Sogdiana",426,563,26500000,2e+06,170408.662280702,7750000,-0.0608945383584369,-3.21262464448813,-2.05337056636761,1.52691822799002,1.39781963075463
"301","Sogdiana 564 603","Sogdiana",564,603,1750000,3150000,170408.662280702,6576506.57777778,-0.0699450769713905,-1.96984798357167,0.263334584890661,1.5361235671648,0.0434024149304638
"302","Sogdiana 604 711","Sogdiana",604,711,32500,15000,27500,5e+05,-1.83061235746551,-0.606947947697199,-2.26694934700501,2.94670612291668,-1.06284820289048
"303","Sogdiana 750 946","Sogdiana",750,946,2.1e+07,1e+06,3e+05,1.1e+07,3.55050560834718,-1.29192929901036,1.78584713283605,0.97695973785381,0.372572471754353
"304","Sogdiana 876 990","Sogdiana",876,990,6e+06,6e+05,130000,2750000,3.65953657417815,-1.194417870022,0.277716162908708,0.687617711764141,-0.0065746536348897
"305","Sogdiana 991 1212","Sogdiana",991,1212,2250000,1400000,3e+05,3250000,2.22506787506057,-1.18887038661141,-2.45403025675421,0.817847038576673,1.35162949279461
"306","Southern China Hills 1701 1895","Southern China Hills",1701,1895,175000,10100,7500,11300000,-3.75252547960509,0.779930760779789,-2.31589505300318,2.40537381296322,2.16983022795505
"307","Southern China Hills 1896 1941","Southern China Hills",1896,1941,14965144.9772727,1720265.20347003,170408.662280702,11839074,-4.20735364588304,-3.27363765832928,2.09677189783041,-0.357886464753305,-0.394863554776845
"308","Southern Mesopotamia -1005 -980","Southern Mesopotamia",-1005,-980,14965144.9772727,1720265.20347003,170408.662280702,6576506.57777778,-0.188116330140432,0.496894389774828,0.620820213190993,-0.870912184175173,-0.792176313053786
"309","Southern Mesopotamia -1153 -1027","Southern Mesopotamia",-1153,-1027,14965144.9772727,1720265.20347003,170408.662280702,6576506.57777778,0.0774054989611632,-0.205963210104119,0.560513404010322,-1.4017040866041,-0.803041471275756
"310","Southern Mesopotamia -143 40","Southern Mesopotamia",-143,40,75000,280000,450000,3750000,2.62670615743378,-0.703054152750577,-0.201580369931508,0.905229560437055,-0.34529061272683
"311","Southern Mesopotamia -1595 -1154","Southern Mesopotamia",-1595,-1154,14965144.9772727,225000,170408.662280702,550000,0.241693675480135,-1.34688489471507,-2.80053859531587,-1.09882224372063,1.11708090627714
"312","Southern Mesopotamia -1894 -1596","Southern Mesopotamia",-1894,-1596,14965144.9772727,450000,170408.662280702,6576506.57777778,1.43776608234888,-0.671856674159652,0.148117532599974,-0.0838329974217408,-0.0519435012824145
"313","Southern Mesopotamia -2003 -1895","Southern Mesopotamia",-2003,-1895,14965144.9772727,1720265.20347003,2e+05,6576506.57777778,-0.462924582664658,3.1505248080798,-0.610794074037329,0.687743392258641,-1.21153194089821
"314","Southern Mesopotamia -2112 -2004","Southern Mesopotamia",-2112,-2004,2e+05,1720265.20347003,2e+05,6576506.57777778,1.67216016733489,-0.596285248852455,-1.57529030151742,-1.705834815513,1.07835127134919
"315","Southern Mesopotamia -2350 -2150","Southern Mesopotamia",-2350,-2150,14965144.9772727,725000,30000,6576506.57777778,1.85219480257755,-0.483486441260428,0.201459006672191,-1.86845385777117,-0.217947098814512
"316","Southern Mesopotamia -2900 -2351","Southern Mesopotamia",-2900,-2351,53250,10700,170408.662280702,6576506.57777778,0.370880987407312,-0.143286900378173,-0.623563066936169,-0.609972311737283,0.699011900720438
"317","Southern Mesopotamia -312 -144","Southern Mesopotamia",-312,-144,1.6e+07,1387500,75000,4750000,3.39132213080981,-1.53625578420803,-0.805340262914016,-0.519428620180869,-0.106811060168935
"318","Southern Mesopotamia -4200 -3000","Southern Mesopotamia",-4200,-3000,30500,1900,28500,6576506.57777778,-0.784615746504374,0.595807223294922,0.348612629322149,-1.04316930594161,0.792363705008016
"319","Southern Mesopotamia -539 -331","Southern Mesopotamia",-539,-331,2.6e+07,4e+06,2e+05,2750000,5.06386760683625,-0.270911268255456,1.16034850716073,0.769798398003458,-1.27573966668128
"320","Southern Mesopotamia -5500 -4201","Southern Mesopotamia",-5500,-4201,14965144.9772727,1720265.20347003,1000,6576506.57777778,-3.79999338384313,1.45721303411701,0.774335208247308,-2.34158408745137,1.47650269765229
"321","Southern Mesopotamia -626 -538","Southern Mesopotamia",-626,-538,14965144.9772727,8e+05,170408.662280702,6576506.57777778,2.67160498694793,-0.915000124907303,-0.0123674794021907,-1.15362772142779,-0.198053169492786
"322","Southern Mesopotamia -729 -627","Southern Mesopotamia",-729,-627,6e+06,1400000,10000,6576506.57777778,1.20569525110646,-1.1382132943725,1.32024046454897,-1.38552441085675,-0.120323167778173
"323","Southern Mesopotamia -9000 -5501","Southern Mesopotamia",-9000,-5501,14965144.9772727,1720265.20347003,170408.662280702,6576506.57777778,-1.92072466344133,1.02794000831604,0.644986605075362,-1.13488257931078,0.867550252386487
"324","Southern Mesopotamia -979 -732","Southern Mesopotamia",-979,-732,14965144.9772727,1720265.20347003,170408.662280702,6576506.57777778,-0.685537320463033,0.917822023896836,0.880496190848592,-1.04888572018352,-0.419644202586905
"325","Southern Mesopotamia 1056 1190","Southern Mesopotamia",1056,1190,12100000,4250000,750000,3250000,2.59012251170525,-0.953514722147314,-1.12939029866214,0.90726627295621,-0.288080768341051
"326","Southern Mesopotamia 1191 1207","Southern Mesopotamia",1191,1207,3900000,750000,1e+06,3500000,2.26265996825791,-1.80086358045587,0.647855822489177,0.685248809444639,0.626280664739685
"327","Southern Mesopotamia 1263 1335","Southern Mesopotamia",1263,1335,5250000,3800000,150000,2.5e+07,3.43005050971072,-1.56707855195851,-0.498183443021475,0.752076750937289,0.407503011310755
"328","Southern Mesopotamia 1394 1470","Southern Mesopotamia",1394,1470,4.9e+07,5500000,150000,8500000,3.86933741938503,-1.37533328064027,0.835682361904395,1.31968101360791,0.927638416228018
"329","Southern Mesopotamia 1471 1533","Southern Mesopotamia",1471,1533,9e+06,2700000,2e+05,2700000,4.18381409579825,-0.0102453035149727,-0.497563548634336,-0.553821093197414,-1.20311520237642
"330","Southern Mesopotamia 1534 1682","Southern Mesopotamia",1534,1682,2.8e+07,4836000,675000,4750000,7.16824437159133,1.59736029990716,1.53422141604181,0.842371858512781,0.745199921804083
"331","Southern Mesopotamia 1683 1838","Southern Mesopotamia",1683,1838,2.4e+07,4710000,570000,6576506.57777778,6.96214901158596,1.63439138395326,0.87326798832864,0.590886721739859,1.5542939444415
"332","Southern Mesopotamia 220 498","Southern Mesopotamia",220,498,5e+06,2900000,1e+05,3250000,4.73903542509642,0.642327258403402,0.0303539446854978,-0.156093872872145,0.518868730492499
"333","Southern Mesopotamia 41 219","Southern Mesopotamia",41,219,4750000,1800000,30000,3750000,2.40702020694585,-0.521483091812106,-0.0787567902933304,0.68405250195571,-0.118011989470075
"334","Southern Mesopotamia 499 635","Southern Mesopotamia",499,635,8900000,3050000,4e+05,3250000,5.11892590221608,0.546688642431796,-0.125890861859772,-0.0989777040080678,0.39255977999855
"335","Southern Mesopotamia 661 749","Southern Mesopotamia",661,749,2.8e+07,9e+06,3e+05,9e+06,2.0888842389612,-3.39313985030626,1.58225391876277,0.819244411038407,-1.5814831381387
"336","Southern Mesopotamia 750 946","Southern Mesopotamia",750,946,2.1e+07,1e+06,3e+05,1.1e+07,3.55050560834718,-1.29192929901036,1.78584713283605,0.97695973785381,0.372572471754353
"337","Southern Mesopotamia 947 1055","Southern Mesopotamia",947,1055,5e+06,9e+05,512500,3250000,3.28347082757281,0.362760927075777,0.0422571402003884,1.25076382745593,0.687596325747432
"338","Susiana -1100 -901","Susiana",-1100,-901,14965144.9772727,1720265.20347003,170408.662280702,6576506.57777778,0.0292224463281484,-0.177325874904774,0.910957060080822,-0.778810039888355,-0.282463503319544
"339","Susiana -1200 -1101","Susiana",-1200,-1101,14965144.9772727,275000,170408.662280702,6576506.57777778,0.708734798710741,-1.52733189971659,0.0205093808025348,-1.33385766770207,-0.044174939549963
"340","Susiana -1400 -1201","Susiana",-1400,-1201,14965144.9772727,310000,11375,6576506.57777778,0.637450391794581,-1.55002100145921,0.277545676979738,-1.31451724243801,-0.164388630622785
"341","Susiana -143 24","Susiana",-143,24,75000,280000,450000,3750000,2.62670615743378,-0.703054152750577,-0.201580369931508,0.905229560437055,-0.34529061272683
"342","Susiana -1500 -1401","Susiana",-1500,-1401,14965144.9772727,245000,3750,6576506.57777778,0.550459665548704,-1.5175613989644,0.309196415100389,-1.43305140320927,0.0120040211222025
"343","Susiana -1700 -1501","Susiana",-1700,-1501,14965144.9772727,1720265.20347003,15125,6576506.57777778,-1.37597620224515,1.29625461260839,-0.290061199235247,1.63622024373762,-1.28971695927913
"344","Susiana -1900 -1701","Susiana",-1900,-1701,14965144.9772727,1720265.20347003,16250,6576506.57777778,0.240755977292333,-2.10054899198664,-1.96995790950416,-0.208863660974317,0.990931711090153
"345","Susiana -2028 -1901","Susiana",-2028,-1901,14965144.9772727,1720265.20347003,16250,6576506.57777778,-0.254940486344018,-1.48916731600671,-0.561806317563463,-0.352331002433511,0.21599357374568
"346","Susiana -2112 -2029","Susiana",-2112,-2029,2e+05,1720265.20347003,2e+05,6576506.57777778,1.67216016733489,-0.596285248852455,-1.57529030151742,-1.705834815513,1.07835127134919
"347","Susiana -2250 -2113","Susiana",-2250,-2113,14965144.9772727,725000,30000,6576506.57777778,1.85219480257755,-0.483486441260428,0.201459006672191,-1.86845385777117,-0.217947098814512
"348","Susiana -2675 -2251","Susiana",-2675,-2251,14965144.9772727,250000,5750,6576506.57777778,-0.71071660642242,-1.25483578213233,-0.352066171576713,-0.966850237450773,0.599209811313692
"349","Susiana -3100 -2676","Susiana",-3100,-2676,14965144.9772727,1720265.20347003,6250,6576506.57777778,-1.95886313522463,-2.45303433656932,0.731251621592164,-2.18974120118654,-0.103205420000756
"350","Susiana -312 -144","Susiana",-312,-144,1.6e+07,1387500,75000,4750000,3.39132213080981,-1.53625578420803,-0.805340262914016,-0.519428620180869,-0.106811060168935
"351","Susiana -3800 -3101","Susiana",-3800,-3101,15950,1720265.20347003,2625,6576506.57777778,-2.10951055517857,-2.26833675740772,0.685830045286202,-2.63773614428867,0.0257853845155621
"352","Susiana -4300 -3801","Susiana",-4300,-3801,6400,1,875,6576506.57777778,-6.79180335729935,0.0714548402575469,-0.124130523311661,-0.0283199712963556,-0.434462792726776
"353","Susiana -4700 -4301","Susiana",-4700,-4301,14965144.9772727,1720265.20347003,1875,6576506.57777778,-6.71555457050505,0.741551040210359,-0.583344643183328,-0.86185304880226,-0.981329984179419
"354","Susiana -5100 -4701","Susiana",-5100,-4701,14965144.9772727,1720265.20347003,1875,6576506.57777778,-7.41416095661647,-0.311882978617098,0.105188302773405,0.168305788597452,-0.245723733754702
"355","Susiana -539 -331","Susiana",-539,-331,2.6e+07,4e+06,2e+05,2750000,5.06386760683625,-0.270911268255456,1.16034850716073,0.769798398003458,-1.27573966668128
"356","Susiana -5700 -5101","Susiana",-5700,-5101,14965144.9772727,1720265.20347003,437.5,6576506.57777778,-7.52246787148906,-0.555506468745242,-0.170703681048405,0.521224000865994,-0.790117250049397
"357","Susiana -6000 -5701","Susiana",-6000,-5701,14965144.9772727,1720265.20347003,437.5,6576506.57777778,-6.54422906294003,-2.27476334693537,0.815077977285488,-1.21538678720624,-0.0312293814026807
"358","Susiana -612 -540","Susiana",-612,-540,14965144.9772727,1720265.20347003,170408.662280702,6576506.57777778,0.405023200796634,-0.560694752802121,-0.15288935789152,-0.761444714738241,0.0211837506534552
"359","Susiana -7000 -6001","Susiana",-7000,-6001,14965144.9772727,1720265.20347003,437.5,6576506.57777778,-7.91990509766674,-0.239835757098976,0.916174054180426,0.481722389887804,-1.10187004351103
"360","Susiana -7200 -7001","Susiana",-7200,-7001,14965144.9772727,1720265.20347003,375,6576506.57777778,-8.04139720019811,-0.679000988721972,1.17736026144629,1.17143806950157,-0.838130739306481
"361","Susiana -743 -647","Susiana",-743,-647,14965144.9772727,320000,170408.662280702,6576506.57777778,0.278040896757754,-2.5055017210127,-2.2480815705766,-1.48998662783566,1.03632506507229
"362","Susiana -7800 -7201","Susiana",-7800,-7201,14965144.9772727,1720265.20347003,375,6576506.57777778,-8.14428753025754,-0.615181913876623,1.24419547271168,1.14220336518729,-0.748419592459011
"363","Susiana -900 -744","Susiana",-900,-744,14965144.9772727,1720265.20347003,170408.662280702,6576506.57777778,-0.319062468522084,-1.15499437830156,-0.211562365558026,-1.0025370420313,-0.328612409025529
"364","Susiana 1056 1190","Susiana",1056,1190,12100000,4250000,750000,3250000,2.59012251170525,-0.953514722147314,-1.12939029866214,0.90726627295621,-0.288080768341051
"365","Susiana 1191 1207","Susiana",1191,1207,3900000,750000,1e+06,3500000,2.26265996825791,-1.80086358045587,0.647855822489177,0.685248809444639,0.626280664739685
"366","Susiana 1263 1335","Susiana",1263,1335,5250000,3800000,150000,2.5e+07,3.43005050971072,-1.56707855195851,-0.498183443021475,0.752076750937289,0.407503011310755
"367","Susiana 1394 1470","Susiana",1394,1470,4.9e+07,5500000,150000,8500000,3.86933741938503,-1.37533328064027,0.835682361904395,1.31968101360791,0.927638416228018
"368","Susiana 1471 1504","Susiana",1471,1504,14965144.9772727,1800000,170408.662280702,6576506.57777778,1.02716042732396,-1.1888798305433,0.0139936827633612,1.11699158856769,0.19355440564563
"369","Susiana 1505 1722","Susiana",1505,1722,9e+06,2700000,2e+05,2700000,4.18381409579825,-0.0102453035149727,-0.497563548634336,-0.553821093197414,-1.20311520237642
"370","Susiana 1794 1925","Susiana",1794,1925,8e+06,1600000,140000,6576506.57777778,1.52650994747971,-2.30706896140959,0.0195714748468711,-0.298190479131113,-0.469765736734357
"371","Susiana 220 498","Susiana",220,498,5e+06,2900000,1e+05,3250000,4.73903542509642,0.642327258403402,0.0303539446854978,-0.156093872872145,0.518868730492499
"372","Susiana 25 215","Susiana",25,215,14965144.9772727,1720265.20347003,25000,6576506.57777778,1.57987646698637,-1.85401397568325,-0.176690137110285,-0.0637799010622083,-0.341790353558957
"373","Susiana 499 642","Susiana",499,642,8900000,3050000,4e+05,3250000,5.11892590221608,0.546688642431796,-0.125890861859772,-0.0989777040080678,0.39255977999855
"374","Susiana 663 749","Susiana",663,749,2.8e+07,9e+06,3e+05,9e+06,2.0888842389612,-3.39313985030626,1.58225391876277,0.819244411038407,-1.5814831381387
"375","Susiana 750 946","Susiana",750,946,2.1e+07,1e+06,3e+05,1.1e+07,3.55050560834718,-1.29192929901036,1.78584713283605,0.97695973785381,0.372572471754353
"376","Susiana 947 1055","Susiana",947,1055,5e+06,9e+05,512500,3250000,3.28347082757281,0.362760927075777,0.0422571402003884,1.25076382745593,0.687596325747432
"377","Upper Egypt -1070 -761","Upper Egypt",-1070,-761,14965144.9772727,210000,1e+05,350000,1.33543163076618,0.598386739228618,0.495393355854091,-0.625740587498516,-1.41338022478474
"378","Upper Egypt -1293 -1071","Upper Egypt",-1293,-1071,2500000,567000,275000,6576506.57777778,3.30586584862571,0.97955868320929,0.816814105767342,-2.01020900520641,-0.587562960329688
"379","Upper Egypt -1550 -1294","Upper Egypt",-1550,-1294,3925000,650000,65000,6576506.57777778,3.29768899133969,0.944703416040286,0.758598709714263,-1.97346527958072,-0.667887304981716
"380","Upper Egypt -1720 -1567","Upper Egypt",-1720,-1567,14965144.9772727,15000,75000,6576506.57777778,0.92204602265609,1.58761942059522,0.433858051097504,0.282016450327612,-0.88880590005849
"381","Upper Egypt -2016 -1721","Upper Egypt",-2016,-1721,2e+06,238000,30000,6576506.57777778,1.82356238438811,-0.1746101318823,1.39609374592895,-2.25991776028762,-0.816720126180937
"382","Upper Egypt -2150 -2017","Upper Egypt",-2150,-2017,14965144.9772727,30000,30000,6576506.57777778,-0.131261702959893,-2.48955341102887,-1.42015226369663,-2.20738256322532,1.33889754533537
"383","Upper Egypt -217 -32","Upper Egypt",-217,-32,2500000,107000,3e+05,3750000,3.92715122128821,-0.641181022196955,2.21125427028323,1.47886530338555,1.19666677394629
"384","Upper Egypt -2350 -2151","Upper Egypt",-2350,-2151,1500000,187500,40000,6576506.57777778,2.76193778799189,0.852409586066936,0.965352004056103,-3.30879913446334,-1.62263423050142
"385","Upper Egypt -2650 -2351","Upper Egypt",-2650,-2351,1250000,212500,30000,6576506.57777778,2.68087854376803,0.879354537933247,0.999944362633877,-3.40364561097229,-1.54500977701382
"386","Upper Egypt -2900 -2651","Upper Egypt",-2900,-2651,1150000,1e+05,13000,6576506.57777778,-0.857461776798122,-1.50531893613871,1.97408800135288,-2.65267905983649,-0.669296364907836
"387","Upper Egypt -305 -218","Upper Egypt",-305,-218,7e+06,1e+06,1e+05,3750000,4.66941917619307,0.0613689679848097,2.35841803938487,1.95147447305521,1.61582012037022
"388","Upper Egypt -31 283","Upper Egypt",-31,283,6e+07,4500000,1050000,1.7e+07,6.77945134490131,1.63831454165043,1.54967679713377,0.38581211556068,0.960911440127831
"389","Upper Egypt -3100 -2901","Upper Egypt",-3100,-2901,1e+06,80000,13000,6576506.57777778,-0.810206004877798,-1.08644353131145,2.07374808056428,-2.7041319348999,-0.342902896295941
"390","Upper Egypt -3300 -3101","Upper Egypt",-3300,-3101,50000,7500,10000,6576506.57777778,-5.37307436815705,0.384387075198564,0.568126458211649,0.206127793122558,-1.66727837071274
"391","Upper Egypt -3550 -3301","Upper Egypt",-3550,-3301,13000,12500,10000,6576506.57777778,-4.59253838125105,-0.440736226220733,1.58720801704745,-2.4247267955543,-0.857372897232511
"392","Upper Egypt -3800 -3551","Upper Egypt",-3800,-3551,14965144.9772727,3752.5,1025,6576506.57777778,-7.65261174499474,0.485982304237644,1.38024153421666,0.218797797782425,-0.598585346390662
"393","Upper Egypt -404 -343","Upper Egypt",-404,-343,2750000,550000,75000,375000,2.64237459075351,-0.610750521731469,0.543317349944506,0.273842281655502,0.760020479964587
"394","Upper Egypt -4400 -3801","Upper Egypt",-4400,-3801,14965144.9772727,1720265.20347003,62.5,6576506.57777778,-6.8350440151087,-1.65788032601159,1.41858167141239,-1.77690609319246,0.567401927622037
"395","Upper Egypt -525 -405","Upper Egypt",-525,-405,2.6e+07,4e+06,2e+05,2750000,5.06386760683625,-0.270911268255456,1.16034850716073,0.769798398003458,-1.27573966668128
"396","Upper Egypt -655 -526","Upper Egypt",-655,-526,2150000,350000,50000,375000,2.71595702979892,-0.122065565954471,1.46099111592739,-0.350718969256143,0.228098051717912
"397","Upper Egypt -760 -656","Upper Egypt",-760,-656,2750000,650000,65000,2e+05,1.98301129468572,0.490932271258458,-0.0983851649682225,-1.8329551214985,-2.35313855121652
"398","Upper Egypt 1171 1259","Upper Egypt",1171,1259,9250000,1595000,2e+05,1.1e+07,3.98075852894344,-0.218593985437916,-0.976979719125992,-0.238640432734829,0.652063752640943
"399","Upper Egypt 1260 1347","Upper Egypt",1260,1347,5500000,2100000,350000,1.1e+07,5.82669993276111,0.994749606876683,1.65856246493499,0.906681823938058,1.17527821784504
"400","Upper Egypt 1348 1411","Upper Egypt",1348,1411,3500000,2100000,250000,1.1e+07,5.94975523676895,1.19140173787924,1.47795326709761,0.631513553558518,0.95632618588698
"401","Upper Egypt 1412 1516","Upper Egypt",1412,1516,3200000,2100000,275000,1.1e+07,5.15507649129541,0.100975613808557,1.42641649683952,0.439124105250735,0.151258443022235
"402","Upper Egypt 1517 1682","Upper Egypt",1517,1682,2.8e+07,4836000,675000,4750000,7.16824437159133,1.59736029990716,1.53422141604181,0.842371858512781,0.745199921804083
"403","Upper Egypt 1683 1798","Upper Egypt",1683,1798,2.4e+07,4710000,570000,6576506.57777778,6.96214901158596,1.63439138395326,0.87326798832864,0.590886721739859,1.5542939444415
"404","Upper Egypt 284 394","Upper Egypt",284,394,5.5e+07,4250000,8e+05,1.7e+07,6.21556450052343,0.0372239108206078,-2.21138115187371,-0.648767420428063,1.75153445582742
"405","Upper Egypt 395 632","Upper Egypt",395,632,13750000,1600000,2e+05,13500000,7.15014828580514,2.3652598107824,-0.752566550266356,-1.27455389795916,-0.543892813831648
"406","Upper Egypt 661 749","Upper Egypt",661,749,2.8e+07,9e+06,3e+05,9e+06,2.0888842389612,-3.39313985030626,1.58225391876277,0.819244411038407,-1.5814831381387
"407","Upper Egypt 750 867","Upper Egypt",750,867,2.1e+07,1e+06,3e+05,1.1e+07,3.55050560834718,-1.29192929901036,1.78584713283605,0.97695973785381,0.372572471754353
"408","Upper Egypt 868 969","Upper Egypt",868,969,6500000,9e+05,150000,1.1e+07,3.05982273786938,-2.19664056036535,-1.58527994255594,0.520439713441036,2.29323901591317
"409","Upper Egypt 970 1170","Upper Egypt",970,1170,8750000,631000,120000,1.1e+07,5.01744429409943,1.0226704788975,0.214454070595068,-0.88964488891821,-0.816036807821967
"410","Valley of Oaxaca -100 199","Valley of Oaxaca",-100,199,45000,20000,14500,6576506.57777778,-2.38580150475628,-1.57093738314594,1.45742523468882,-3.30062430427751,0.776975192075569
"411","Valley of Oaxaca -1150 -701","Valley of Oaxaca",-1150,-701,14965144.9772727,1720265.20347003,1383.5,6576506.57777778,-7.79863175564599,0.0240631610601917,1.06847452367459,0.0789071109427198,-0.444929982867351
"412","Valley of Oaxaca -1400 -1151","Valley of Oaxaca",-1400,-1151,14965144.9772727,1720265.20347003,205.5,3000,-8.38390401947813,-0.0541792583390232,0.989349014057615,0.12260672264377,-0.45851491021764
"413","Valley of Oaxaca -300 -101","Valley of Oaxaca",-300,-101,55000,5000,17200,6576506.57777778,-3.14712125346329,-2.58757893192273,2.19236101013868,-2.31028605692192,1.56112558026905
"414","Valley of Oaxaca -500 -301","Valley of Oaxaca",-500,-301,15000,1300,2000,6576506.57777778,-4.91350667228899,-1.77611960735258,1.54771711861115,-1.38269284526176,1.17293898150947
"415","Valley of Oaxaca -700 -501","Valley of Oaxaca",-700,-501,1500,275,1000,150,-7.16122903416859,-0.24569660731194,0.941917246489687,0.0610392502304701,-0.543896445959026
"416","Valley of Oaxaca 1101 1520","Valley of Oaxaca",1101,1520,9481.5,1720265.20347003,7413,6576506.57777778,-5.83408044030937,0.812929842588504,-2.04506459960774,-1.2516443240744,0.498025862517251
"417","Valley of Oaxaca 1516 1808","Valley of Oaxaca",1516,1808,2.9e+07,7100000,224000,6576506.57777778,8.55008978522505,6.36001071437173,-2.09553711828037,-2.36605658654679,-0.47965890880219
"418","Valley of Oaxaca 200 499","Valley of Oaxaca",200,499,14965144.9772727,11500,22500,6576506.57777778,-3.34667535757727,-2.00248259292058,1.09143794824624,-3.64372827946673,0.267883443539079
"419","Valley of Oaxaca 500 899","Valley of Oaxaca",500,899,8452.5,1720265.20347003,22500,6576506.57777778,-5.19000744978659,1.05323278835915,0.388536121066069,-0.579885502820973,-1.41189637148014
"420","Valley of Oaxaca 900 1100","Valley of Oaxaca",900,1100,9481.5,1720265.20347003,7413,6576506.57777778,-5.83408044030937,0.812929842588504,-2.04506459960774,-1.2516443240744,0.498025862517251
"421","Yemeni Coastal Plain -110 149","Yemeni Coastal Plain",-110,149,14965144.9772727,1720265.20347003,170408.662280702,6576506.57777778,-0.468408900071689,-0.232270761249977,0.0697672189750021,0.496409088909384,-0.395147284820392
"422","Yemeni Coastal Plain -1200 -801","Yemeni Coastal Plain",-1200,-801,14965144.9772727,1720265.20347003,170408.662280702,6576506.57777778,-1.1313633626659,0.537650469648491,0.166779138049662,-0.637958769852111,0.296308912369534
"423","Yemeni Coastal Plain -3500 -1201","Yemeni Coastal Plain",-3500,-1201,14965144.9772727,1720265.20347003,170408.662280702,6576506.57777778,-1.18747800848586,0.447338814009047,0.109511958389527,-0.533967000631406,0.148743436206235
"424","Yemeni Coastal Plain -450 -111","Yemeni Coastal Plain",-450,-111,14965144.9772727,1720265.20347003,35000,6576506.57777778,-1.50318813447038,1.520335445353,-0.796756763561842,2.22172607494854,-0.984441589728423
"425","Yemeni Coastal Plain -800 -451","Yemeni Coastal Plain",-800,-451,14965144.9772727,1720265.20347003,35000,6576506.57777778,-1.52084087964555,1.51527817194013,-0.777826545817155,2.15465798076278,-0.976716099843367
"426","Yemeni Coastal Plain 1454 1517","Yemeni Coastal Plain",1454,1517,14965144.9772727,1720265.20347003,170408.662280702,6576506.57777778,2.24582461433334,-1.48132610265578,-0.114555196772628,-0.276946281974672,-0.503935963977958
"427","Yemeni Coastal Plain 1538 1636","Yemeni Coastal Plain",1538,1636,2.4e+07,4710000,570000,6576506.57777778,6.96214901158596,1.63439138395326,0.87326798832864,0.590886721739859,1.5542939444415
"428","Yemeni Coastal Plain 1637 1805","Yemeni Coastal Plain",1637,1805,14965144.9772727,1720265.20347003,170408.662280702,6576506.57777778,-1.47149659567938,-0.272490285161626,0.0392038222586237,0.812145168772016,-1.49388426996228
